[{
		"op":	"add",
		"path":	"/ae_calib/CommCtrl/AecManualCtrl/HdrAE/GainValue",
		"value":	[1, 1, 1]
	}, {
		"op":	"add",
		"path":	"/ae_calib/CommCtrl/AecManualCtrl/HdrAE/IspDGainValue",
		"value":	[1, 1, 1]
	}, {
		"op":	"replace",
		"path":	"/ae_calib/CommCtrl/AecManualCtrl/HdrAE/ManualGainEn",
		"value":	1
	}, {
		"op":	"replace",
		"path":	"/ae_calib/CommCtrl/AecManualCtrl/HdrAE/ManualIspDgainEn",
		"value":	1
	}, {
		"op":	"replace",
		"path":	"/ae_calib/CommCtrl/AecManualCtrl/HdrAE/ManualTimeEn",
		"value":	1
	}, {
		"op":	"add",
		"path":	"/ae_calib/CommCtrl/AecManualCtrl/HdrAE/TimeValue",
		"value":	[0.01, 0.02, 0.03]
	}, {
		"op":	"replace",
		"path":	"/ae_calib/CommCtrl/AecManualCtrl/LinearAE/GainValue",
		"value":	1
	}, {
		"op":	"replace",
		"path":	"/ae_calib/CommCtrl/AecManualCtrl/LinearAE/IspDGainValue",
		"value":	1
	}, {
		"op":	"replace",
		"path":	"/ae_calib/CommCtrl/AecManualCtrl/LinearAE/ManualGainEn",
		"value":	1
	}, {
		"op":	"replace",
		"path":	"/ae_calib/CommCtrl/AecManualCtrl/LinearAE/ManualIspDgainEn",
		"value":	1
	}, {
		"op":	"replace",
		"path":	"/ae_calib/CommCtrl/AecManualCtrl/LinearAE/ManualTimeEn",
		"value":	1
	}, {
		"op":	"replace",
		"path":	"/ae_calib/CommCtrl/AecManualCtrl/LinearAE/TimeValue",
		"value":	0.01
	}]